clade	gene	site	alt
C3a	hemagglutinin-neuraminidase	21	T 
C3a	hemagglutinin-neuraminidase	28	L
C3a	hemagglutinin-neuraminidase 	40	T
C3a	hemagglutinin-neuraminidase	53	T 
C3a	hemagglutinin-neuraminidase	62	R
C3a	hemagglutinin-neuraminidase	69	I
C3a	hemagglutinin-neuraminidase	82	V
C3a	hemagglutinin-neuraminidase	87	T
C3a	hemagglutinin-neuraminidase	118	I
C3a	hemagglutinin-neuraminidase	295	Y
C3a	hemagglutinin-neuraminidase	391	V
C3a	hemagglutinin-neuraminidase	556	N
C3b	hemagglutinin-neuraminidase	13	V
C3b	hemagglutinin-neuraminidase	21	T
C3b	hemagglutinin-neuraminidase	25	S
C3b	hemagglutinin-neuraminidase	28	L
C3b	hemagglutinin-neuraminidase	40	T
C3b	hemagglutinin-neuraminidase	53	T
C3b	hemagglutinin-neuraminidase	62	R
C3b	hemagglutinin-neuraminidase	69	I
C3b	hemagglutinin-neuraminidase	82	V
C3b	hemagglutinin-neuraminidase	87	T
C3b	hemagglutinin-neuraminidase	118	I
C3b	hemagglutinin-neuraminidase	295	Y
C3b	hemagglutinin-neuraminidase	391	V
C3b	hemagglutinin-neuraminidase	556	N
C3f	hemagglutinin-neuraminidase	21	T
C3f	hemagglutinin-neuraminidase	28	L
C3f	hemagglutinin-neuraminidase	40	T
C3f	hemagglutinin-neuraminidase	53	T
C3f	hemagglutinin-neuraminidase	62	R
C3f	hemagglutinin-neuraminidase 	69	I
C3f	hemagglutinin-neuraminidase 	82	V
C3f	hemagglutinin-neuraminidase 	87	T
C3f	hemagglutinin-neuraminidase 	118	I
C3f	hemagglutinin-neuraminidase 	295	Y
C3f	hemagglutinin-neuraminidase 	391	V
C3f	hemagglutinin-neuraminidase	556	N
			
C	hemagglutinin-neuraminidase	21	T
C	hemagglutinin-neuraminidase	118	I